Workbook

Sheet 实验概览
A1: A/B 测试实验概览
A3: 实验编号 | B3: EXP-2026-Q3-014
A4: 实验名称 | B4: 注册表单精简：7 项 → 3 项
A5: 假设 | B5: 将注册表单的 7 项必填精简为 3 项必填（手机号 + 短信验证码 + 密码），可降低填写摩擦与放弃率，从而提升注册转化率，同时不损害新增用户质量。
A6: 主要指标 | B6: 注册转化率 = 注册成功数 / 注册页访客数
A7: 次要指标 | B7: 平均注册完成时长、7 日激活率、次日留存率
A8: 实验开始日 | B8: 46266
A9: 实验结束日 | B9: 46286
A10: 实验时长（天） | B10: =B9-B8+1 -> 21
A11: 流量分配 | B11: 50/50（对照组 A : 实验组 B）
A12: MDE（相对提升） | B12: 0.08
A14: 关键结论 | B14: ="实验组注册转化率 "&TEXT(数据汇总!C4,"0.00%")&"，对照组 "&TEXT(数据汇总!B4,"0.00%")&"；相对提升 "&IF(统计分析!B5>=0,"+","")&TEXT(统计分析!B5,"0.00%")&"，绝对提升 "&IF(统计分析!B4>=0,"+","")&TEXT(统计分析!B4,"0.00")&" pp；95% 置信区间 ["&TEXT(统计分析!B11,"0.00")&", "&TEXT(统计分析!B12,"0.00")&"] pp；p 值 "&TEXT(统计分析!B9,"0.000000")&"，"&统计分析!B10&"。上线建议："&决策建议!B2&"。" -> 实验组注册转化率 7.80%，对照组 6.96%；相对提升 +12.06%，绝对提升 +0.84 pp；95% 置信区间 [0.36, 1.32] pp；p 值 0.000601，显著（p < 0.001）。上线建议：全量上线。

Sheet 数据汇总
A1: 指标 | B1: 对照组 A | C1: 实验组 B | D1: 差异（B − A） | E1: 变化率
A2: 访客数 | B2: =SUM(B11:B31) -> 22902 | C2: =SUM(E11:E31) -> 22797 | D2: =IF(OR(B2="",C2=""),"",C2-B2) -> -105 | E2: =IF(OR(B2="",B2=0,C2=""),"",(C2-B2)/B2) -> -0.0045847524
A3: 注册数 | B3: =SUM(C11:C31) -> 1594 | C3: =SUM(F11:F31) -> 1778 | D3: =IF(OR(B3="",C3=""),"",C3-B3) -> 184 | E3: =IF(OR(B3="",B3=0,C3=""),"",(C3-B3)/B3) -> 0.11543287
A4: 注册转化率 | B4: =IF(OR(B2="",B2=0),"",B3/B2) -> 0.069600908 | C4: =IF(OR(C2="",C2=0),"",C3/C2) -> 0.077992718 | D4: =IF(OR(B4="",C4=""),"",(C4-B4)*100) -> 0.83918101 | E4: =IF(OR(B4="",B4=0,C4=""),"",(C4-B4)/B4) -> 0.12057041
A5: 平均注册完成时长（分钟） | B5: 4.6 | C5: 2.9 | D5: =IF(OR(B5="",C5=""),"",C5-B5) -> -1.7 | E5: =IF(OR(B5="",B5=0,C5=""),"",(C5-B5)/B5) -> -0.36956522
A6: 7 日激活率 | B6: 0.412 | C6: 0.425 | D6: =IF(OR(B6="",C6=""),"",(C6-B6)*100) -> 1.3 | E6: =IF(OR(B6="",B6=0,C6=""),"",(C6-B6)/B6) -> 0.031553398
A7: 次日留存率 | B7: 0.586 | C7: 0.591 | D7: =IF(OR(B7="",C7=""),"",(C7-B7)*100) -> 0.5 | E7: =IF(OR(B7="",B7=0,C7=""),"",(C7-B7)/B7) -> 0.0085324232
A9: 每日明细（2026-09-01 ~ 2026-09-21）
A10: 日期 | B10: 对照组访客 | C10: 对照组注册 | D10: 对照组转化率 | E10: 实验组访客 | F10: 实验组注册 | G10: 实验组转化率 | H10: 转化率差（pp）
A11: 46266 | B11: 1121 | C11: 77 | D11: =IF(OR(B11="",B11=0),"",C11/B11) -> 0.068688671 | E11: 1074 | F11: 86 | G11: =IF(OR(E11="",E11=0),"",F11/E11) -> 0.080074488 | H11: =IF(OR(D11="",G11=""),"",(G11-D11)*100) -> 1.1385817
A12: 46267 | B12: 1100 | C12: 76 | D12: =IF(OR(B12="",B12=0),"",C12/B12) -> 0.069090909 | E12: 1162 | F12: 92 | G12: =IF(OR(E12="",E12=0),"",F12/E12) -> 0.079173838 | H12: =IF(OR(D12="",G12=""),"",(G12-D12)*100) -> 1.0082929
A13: 46268 | B13: 1143 | C13: 79 | D13: =IF(OR(B13="",B13=0),"",C13/B13) -> 0.06911636 | E13: 1083 | F13: 83 | G13: =IF(OR(E13="",E13=0),"",F13/E13) -> 0.076638966 | H13: =IF(OR(D13="",G13=""),"",(G13-D13)*100) -> 0.75226054
A14: 46269 | B14: 1077 | C14: 78 | D14: =IF(OR(B14="",B14=0),"",C14/B14) -> 0.072423398 | E14: 1168 | F14: 89 | G14: =IF(OR(E14="",E14=0),"",F14/E14) -> 0.07619863 | H14: =IF(OR(D14="",G14=""),"",(G14-D14)*100) -> 0.37752318
A15: 46270 | B15: 874 | C15: 62 | D15: =IF(OR(B15="",B15=0),"",C15/B15) -> 0.070938215 | E15: 988 | F15: 77 | G15: =IF(OR(E15="",E15=0),"",F15/E15) -> 0.077935223 | H15: =IF(OR(D15="",G15=""),"",(G15-D15)*100) -> 0.69970076
A16: 46271 | B16: 1003 | C16: 72 | D16: =IF(OR(B16="",B16=0),"",C16/B16) -> 0.071784646 | E16: 961 | F16: 77 | G16: =IF(OR(E16="",E16=0),"",F16/E16) -> 0.08012487 | H16: =IF(OR(D16="",G16=""),"",(G16-D16)*100) -> 0.83402239
A17: 46272 | B17: 1178 | C17: 83 | D17: =IF(OR(B17="",B17=0),"",C17/B17) -> 0.070458404 | E17: 1202 | F17: 96 | G17: =IF(OR(E17="",E17=0),"",F17/E17) -> 0.079866889 | H17: =IF(OR(D17="",G17=""),"",(G17-D17)*100) -> 0.94084844
A18: 46273 | B18: 1227 | C18: 83 | D18: =IF(OR(B18="",B18=0),"",C18/B18) -> 0.067644662 | E18: 1097 | F18: 88 | G18: =IF(OR(E18="",E18=0),"",F18/E18) -> 0.080218778 | H18: =IF(OR(D18="",G18=""),"",(G18-D18)*100) -> 1.2574117
A19: 46274 | B19: 1171 | C19: 81 | D19: =IF(OR(B19="",B19=0),"",C19/B19) -> 0.069171648 | E19: 1079 | F19: 86 | G19: =IF(OR(E19="",E19=0),"",F19/E19) -> 0.079703429 | H19: =IF(OR(D19="",G19=""),"",(G19-D19)*100) -> 1.0531781
A20: 46275 | B20: 1168 | C20: 82 | D20: =IF(OR(B20="",B20=0),"",C20/B20) -> 0.070205479 | E20: 1208 | F20: 94 | G20: =IF(OR(E20="",E20=0),"",F20/E20) -> 0.07781457 | H20: =IF(OR(D20="",G20=""),"",(G20-D20)*100) -> 0.76090901
A21: 46276 | B21: 1106 | C21: 78 | D21: =IF(OR(B21="",B21=0),"",C21/B21) -> 0.070524412 | E21: 1224 | F21: 97 | G21: =IF(OR(E21="",E21=0),"",F21/E21) -> 0.079248366 | H21: =IF(OR(D21="",G21=""),"",(G21-D21)*100) -> 0.87239537
A22: 46277 | B22: 1010 | C22: 71 | D22: =IF(OR(B22="",B22=0),"",C22/B22) -> 0.07029703 | E22: 902 | F22: 70 | G22: =IF(OR(E22="",E22=0),"",F22/E22) -> 0.077605322 | H22: =IF(OR(D22="",G22=""),"",(G22-D22)*100) -> 0.73082918
... A31: 46286 | B31: 1098 | C31: 78 | D31: =IF(OR(B31="",B31=0),"",C31/B31) -> 0.071038251 | E31: 1070 | F31: 82 | G31: =IF(OR(E31="",E31=0),"",F31/E31) -> 0.076635514 | H31: =IF(OR(D31="",G31=""),"",(G31-D31)*100) -> 0.55972627
A32: 合计 / 整体 | B32: =SUM(B11:B31) -> 22902 | C32: =SUM(C11:C31) -> 1594 | D32: =IF(OR(B32="",B32=0),"",C32/B32) -> 0.069600908 | E32: =SUM(E11:E31) -> 22797 | F32: =SUM(F11:F31) -> 1778 | G32: =IF(OR(E32="",E32=0),"",F32/E32) -> 0.077992718 | H32: =IF(OR(D32="",G32=""),"",(G32-D32)*100) -> 0.83918101
A33: 注：访客数 / 注册数取自埋点日报；完成时长、7 日激活率、次日留存取自实验平台次要指标报表。色标遵循「涨=红、跌=绿」，仅表示变化方向，不代表好坏（如注册完成时长下降为利好）。

Sheet 统计分析
A1: 分析项 | B1: 数值 | C1: 说明
A2: 对照组转化率 | B2: =数据汇总!B4 -> 0.069600908 | C2: 引用「数据汇总」对照组注册转化率
A3: 实验组转化率 | B3: =数据汇总!C4 -> 0.077992718 | C3: 引用「数据汇总」实验组注册转化率
A4: 绝对提升 | B4: =IF(OR(B2="",B3=""),"",(B3-B2)*100) -> 0.83918101 | C4: 实验组 − 对照组（百分点）
A5: 相对提升 | B5: =IF(OR(B2="",B2=0,B3=""),"",(B3-B2)/B2) -> 0.12057041 | C5: (实验组 − 对照组) / 对照组
A6: 合并转化率（pooled） | B6: =IF((数据汇总!B2+数据汇总!C2)=0,"",(数据汇总!B3+数据汇总!C3)/(数据汇总!B2+数据汇总!C2)) -> 0.073787173 | C6: 两组注册数之和 / 两组访客数之和
A7: 标准误（SE） | B7: =IF(OR(B6="",B6=0),"",SQRT(B6*(1-B6)*(1/数据汇总!B2+1/数据汇总!C2))*100) -> 0.24458151 | C7: √[p(1−p)(1/nA+1/nB)]，p 为合并转化率
A8: z 值 | B8: =IF(OR(B7="",B7=0),"",B4/B7) -> 3.4310893 | C8: 绝对提升 / 标准误（两比例 z 检验）
A9: p 值（双尾） | B9: =IF(B8="","",2*(1-NORMSDIST(ABS(B8)))) -> 0.00060116261 | C9: 双尾检验，p < 0.05 视为显著
A10: 显著性判定 | B10: =IF(B9="","",IF(B9<0.001,"显著（p < 0.001）",IF(B9<0.01,"显著（p < 0.01）",IF(B9<0.05,"显著（p < 0.05）","不显著（p ≥ 0.05）")))) -> 显著（p < 0.001） | C10: 按 0.05 / 0.01 / 0.001 三档阈值判定
A11: 95% 置信区间下限 | B11: =IF(B7="","",B4-1.96*B7) -> 0.35980125 | C11: 绝对提升 − 1.96 × 标准误
A12: 95% 置信区间上限 | B12: =IF(B7="","",B4+1.96*B7) -> 1.3185608 | C12: 绝对提升 + 1.96 × 标准误
A13: 卡方统计量 | B13: =IF(B8="","",B8^2) -> 11.772374 | C13: χ² = z²（自由度 1）
A14: 统计功效（事后近似） | B14: =IF(B8="","",NORMSDIST(ABS(B8)-1.96)) -> 0.92936652 | C14: Φ(|z| − 1.96)；≥ 80% 视为功效充足
A16: 收入影响测算（黄色单元格为假设输入，可自行修改）
A17: 参数 | B17: 数值 | C17: 说明
A18: 全站日均访客 | B18: 3200 | C18: 进入注册页的全站日均 UV（含实验外流量）
A19: 注册用户平均首期贡献（¥） | B19: 260 | C19: 首单 / 首期付费均值，已含未付费用户的 0 值摊薄
A20: 测算周期（天） | B20: 30 | C20: 按月测算；年化按 365 天
A21: 预估周期收入增量（¥） | B21: =IF(B4="","",B4/100*B18*B20*B19) -> 209459.58 | C21: 绝对提升（小数）× 日均访客 × 周期 × 首期贡献
A22: 预估年化收入增量（¥） | B22: =IF(B4="","",B4/100*B18*365*B19) -> 2548424.9 | C22: 绝对提升（小数）× 日均访客 × 365 × 首期贡献

Sheet 决策建议
A1: 项目 | B1: 内容
A2: 上线建议 | B2: =IF(统计分析!B9="","待补充数据",IF(统计分析!B9>=0.05,"暂不全量上线：继续观察",IF(AND(统计分析!B5>=实验概览!B12,统计分析!B14>=0.8),"全量上线","灰度上线并扩大样本"))) -> 全量上线
A3: 判断依据 | B3: ="相对提升 "&IF(统计分析!B5>=0,"+","")&TEXT(统计分析!B5,"0.00%")&" 对比 MDE "&TEXT(实验概览!B12,"0.00%")&"；p 值 "&TEXT(统计分析!B9,"0.000000")&"（阈值 0.05）；事后统计功效 "&TEXT(统计分析!B14,"0%")&"（阈值 80%）。三项条件共同决定上线节奏。" -> 相对提升 +12.06% 对比 MDE 8.00%；p 值 0.000601（阈值 0.05）；事后统计功效 93%（阈值 80%）。三项条件共同决定上线节奏。
A4: 预估月收入增量（¥） | B4: =统计分析!B21 -> 209459.58
A5: 预估年化收入增量（¥） | B5: =统计分析!B22 -> 2548424.9
A6: 风险提示 1 | B6: 实验仅覆盖 21 天且含 6 个周末，周末流量与转化率均低于工作日；结论反映日常与周末的混合效应，大促、长假期间的表现仍需另行验证。
A7: 风险提示 2 | B7: 精简表单后「仅手机验证」的注册占比上升，需持续监控 7 日激活率与付费转化，防止低质量注册推高注册数、却在后续环节流失。
A8: 风险提示 3 | B8: 实验与前端其他改动同期进行时存在相互干扰风险，上线前请确认该周期内注册链路无其他并发改动。
A9: 后续实验建议 1 | B9: 三臂实验：3 项必填 vs 3 项 + 手机验证 vs 3 项 + 邮箱验证，剥离「验证方式」对转化的独立贡献。
A10: 后续实验建议 2 | B10: 针对 7 日激活率做后续实验：注册后引导流程（引导任务、空状态提示）对激活率的增量影响。
A11: 后续实验建议 3 | B11: 按渠道与新老用户分层复盘，验证本次提升是否集中在单一渠道，避免平均效应掩盖结构差异。
